x + 3;3;+ : \mathbb R^2 \rightarrow \mathbb R, (x, y) \mapsto x + y;f : A \subset \mathbb R \rightarrow B \subset \mathbb R, x \mapsto f(x);-1 + 3 = 2;2 + 3 = 5;5 + 3 = 8
3;x + 3;3 - 2 = 1;\mathbb R^{3\times 3};\mathbb N = \{0, 1, 2, \dots\};A^3
+ : \mathbb R^2 \rightarrow \mathbb R, (x, y) \mapsto x + y;x + 3;\cos^2(x) + \sin^2(x) = 1;\mathbb R^2;\mathbb R;Application;\forall x, 0 + x = x + x + 0;p_i(\mathbf x + \mathbf y) = p_i(\mathbf x) + p_i(\mathbf y);(a - b)(a + b) = a^2 - b^2;(x,y,z) \in M^3 \Rightarrow d(x,z) \leq d(x,y) + d(y,z);\forall x, x + x = 2x;5 + 8 = 13;(\mathbb R, +);|x \cup y| + |x \cap y| = |x| + |y|;|A \cup \{x\}| = 1 + |A \backslash \{x\}|
x - 2;2 = 1 + 1;f : A \subset \mathbb R \rightarrow B \subset \mathbb R, x \mapsto f(x);-;3 - 2 = 1
f : A \subset \mathbb R \rightarrow B \subset \mathbb R, x \mapsto f(x);\sin(x);45x;x - 2;x + 3;\left(f(x)\right)^2;x^n = x^{n - 1} \cdot x = x \cdot x^{n - 1};f(x) = 0;f : M \subset A \rightarrow N \subset B,~x \mapsto f(x) ;f : [a, b] \rightarrow \mathbb R,~x \mapsto f(x) ;e^x - 2x - 1;e^x;\mathbb R
\sin(x);f : A \subset \mathbb R \rightarrow B \subset \mathbb R, x \mapsto f(x);\sin^2(x);|\sin(x)| = \sqrt{1 - \cos^2(x)};e^{\imath x} = \cos x + \imath \sin x;k \in \mathbb N \Rightarrow \sin (k\pi)=0;\sin(x) = \cos(\frac\pi 2 - x);\tan \phi = \frac{\sin\phi}{\cos\phi}
\sqrt{1 - \cos^2(x)};|\sin(x)| = \sqrt{1 - \cos^2(x)};-;\cos^2(x);1;x = \sqrt{y} \Rightarrow y = x^2 
\mathbf u \cdot \nabla \mathbf u = -\frac1\rho\nabla p + \nu \nabla^2 \mathbf u + \mathbf g;\nabla \mathbf u =\frac{\partial u_i}{\partial x_j} \mathbf e_i \mathbf e_j;\nabla^2 \mathbf u = \nabla \cdot \nabla \mathbf u;Incompressible~Navier-Stokes
im~G =\{b~|~b = G(a)\};Set;im~G = dom~G^{-1};G : A \rightarrow B,~a \mapsto b = G(a) 
Set;im~G =\{b~|~b = G(a)\};\emptyset;Entity \in Set;\{x, y\};\{x\};x \cup y = \{u~|~u \in x \vee u \in y\};x \cap y = \{u~|~u \in x \wedge u \in y\};x \setminus y = \{u \in x : u \notin y\};A \times B = \{(a,b)~|~a\in A \wedge b \in B\};\textit{Partially ordered set};B \subset A^2;Magma;M;\Gamma = \{G_k : k\in I\} = im~G;\forall Set, Set \in \mathbb U
\emptyset;Set;G(\{a\}) \neq \emptyset \Leftrightarrow a \in dom~G;|\emptyset| = 0;\forall A \in \mathbb U, \emptyset\subset A;x \cup \emptyset = x;x \cap \emptyset = \emptyset
\sin^2(x);\cos^2(x) + \sin^2(x) = 1;\sin(x);\left(f(x)\right)^2
\cos^2(x) + \sin^2(x) = 1;\sin^2(x);1;|\sin(x)| = \sqrt{1 - \cos^2(x)};+ : \mathbb R^2 \rightarrow \mathbb R, (x, y) \mapsto x + y;\cos^2(x);|e^{\imath x}| = 1
1;\cos^2(x) + \sin^2(x) = 1;\mathbb N = \{0, 1, 2, \dots\};\delta_{ij} = (i == j~?~1 : 0);\sqrt{1 - \cos^2(x)};3 - 2 = 1;\forall x, 1\cdot x = x = x\cdot 1;\mathcal{SO}(3, \mathbb R) = \{R \in \mathbb R^{3\times 3}~|~\det(R) = 1\};\mathbb R_0 \rightarrow \mathbb R_0, x \mapsto \frac1x;e^x - 2x - 1;e^0 = 1;\forall\mathbf v\in V, 1\cdot\mathbf v=\mathbf v;|\{x\}| = 1;|A \cup \{x\}| = 1 + |A \backslash \{x\}|;2 = 1 + 1
\mathbf u(\mathbf x) = u_i(\mathbf x) \mathbf e_i;\mathbf x \in \Omega;\nabla \cdot \mathbf u = \frac{\partial u_i}{\partial x_i};\nabla \mathbf u =\frac{\partial u_i}{\partial x_j} \mathbf e_i \mathbf e_j;p_i(\mathbf e^j) = \delta_{ij}
\nabla \mathbf u =\frac{\partial u_i}{\partial x_j} \mathbf e_i \mathbf e_j;\mathbf u \cdot \nabla \mathbf u = -\frac1\rho\nabla p + \nu \nabla^2 \mathbf u + \mathbf g;\nabla \bullet= \frac{\partial \bullet}{\partial x_i} \mathbf e_i;\mathbf u(\mathbf x) = u_i(\mathbf x) \mathbf e_i;\nabla^2 \mathbf u = \nabla \cdot \nabla \mathbf u
\mathbf e_i \cdot \mathbf e_j = \delta_{ij};\delta_{ij} = (i == j~?~1 : 0)
\mathbf x \in \Omega;\Omega \subset \mathbb R^d;Entity \in Set;\mathbf u(\mathbf x) = u_i(\mathbf x) \mathbf e_i
\nabla^2 \mathbf u = \nabla \cdot \nabla \mathbf u;\mathbf u \cdot \nabla \mathbf u = -\frac1\rho\nabla p + \nu \nabla^2 \mathbf u + \mathbf g;\nabla \mathbf u =\frac{\partial u_i}{\partial x_j} \mathbf e_i \mathbf e_j;\nabla \bullet= \frac{\partial \bullet}{\partial x_i} \mathbf e_i
\nabla \cdot \mathbf u = \frac{\partial u_i}{\partial x_i};\nabla \cdot \mathbf u = 0;\nabla \bullet= \frac{\partial \bullet}{\partial x_i} \mathbf e_i;\mathbf u(\mathbf x) = u_i(\mathbf x) \mathbf e_i
\delta_{ij} = (i == j~?~1 : 0);\mathbf e_i \cdot \mathbf e_j = \delta_{ij};1;0;p_i(\mathbf e^j) = \delta_{ij}
\Omega \subset \mathbb R^d;\mathbf x \in \Omega;x \subset y \Leftrightarrow (\forall u \in x \Rightarrow u \in y);\mathbb R^d, d\in \mathbb N_0
\mathbb N = \{0, 1, 2, \dots\};1;0;45;2 = 1 + 1;\mathbb N_0 = \mathbb N \setminus \{0\};\textit{Totally ordered set};\forall z \in \mathbb Z,\exists n \in \mathbb N ~|~ z = n \vee z = -n;G : \mathbb N \rightarrow B~|~k \mapsto G_k;3;\mathbb N \rightarrow \mathbb N, n \mapsto n!=n(n-1)! \\ \text{with } 0!=1;\# : \mathbb U \rightarrow \mathbb N, A \mapsto \#A = n(A) = |A|
45x;f : A \subset \mathbb R \rightarrow B \subset \mathbb R, x \mapsto f(x);45
|\sin(x)| = \sqrt{1 - \cos^2(x)};\cos^2(x) + \sin^2(x) = 1;\sin(x);\sqrt{1 - \cos^2(x)};|x| = \sqrt{x^2}
0;\mathbb N = \{0, 1, 2, \dots\};\delta_{ij} = (i == j~?~1 : 0);\{0\};\forall x, 0 + x = x + x + 0;f(x) = 0;\mathbb R^+ = \{ x \in \mathbb R | x \geq 0 \};d(x,y) = 0 \Leftrightarrow x = y;\lim_{x \rightarrow 0^+}\frac1x = +\infty;e^0 = 1;\lim_{x \rightarrow -\infty}e^x=0;|\emptyset| = 0
45;45x;\mathbb N = \{0, 1, 2, \dots\}
2 = 1 + 1;x - 2;\mathbb N = \{0, 1, 2, \dots\};A^2 = A \times A;-1 + 3 = 2;\mathbb R^{2\times 2};x^2 = M(x, x);\forall x, x + x = 2x;2 + 3 = 5;|\{x, y\}| = 2;1
\nabla \cdot \mathbf u = 0;\nabla \cdot \mathbf u = \frac{\partial u_i}{\partial x_i};Incompressible~Navier-Stokes
Incompressible~Navier-Stokes;\nabla \cdot \mathbf u = 0;\mathbf u \cdot \nabla \mathbf u = -\frac1\rho\nabla p + \nu \nabla^2 \mathbf u + \mathbf g;Saddle~Point~problems
\left(f(x)\right)^2;f : A \subset \mathbb R \rightarrow B \subset \mathbb R, x \mapsto f(x);\sin^2(x);x^2 = M(x, x)
-;x - 2;\sqrt{1 - \cos^2(x)};(a - b)(a + b) = a^2 - b^2;e^x - 2x - 1
\cos^2(x);\cos(x);\cos^2(x) + \sin^2(x) = 1;\sqrt{1 - \cos^2(x)}
\cos(x);\cos^2(x);e^{\imath x} = \cos x + \imath \sin x;k \in \mathbb N \Rightarrow \cos (k\pi) = (-1)^{k};\sin(x) = \cos(\frac\pi 2 - x);\tan \phi = \frac{\sin\phi}{\cos\phi}
3 - 2 = 1;x - 2;1;3
\nabla \bullet= \frac{\partial \bullet}{\partial x_i} \mathbf e_i;\nabla \cdot \mathbf u = \frac{\partial u_i}{\partial x_i};\nabla \mathbf u =\frac{\partial u_i}{\partial x_j} \mathbf e_i \mathbf e_j;\nabla^2 \mathbf u = \nabla \cdot \nabla \mathbf u
\mathbb R;\textit{Totally ordered set};\mathbb Q \subset \mathbb R;+ : \mathbb R^2 \rightarrow \mathbb R, (x, y) \mapsto x + y;\cdot : \mathbb R^2 \rightarrow \mathbb R, (x, y) \mapsto x\cdot y = xy;\mathbb R^d, d\in \mathbb N_0;(a,b) = \{x \in \mathbb R~|~a < x < b\};\mathbb R^+ = \{ x \in \mathbb R | x \geq 0 \};\mathbb R_0 = \mathbb R \backslash \{0\};f : A \subset \mathbb R \rightarrow B \subset \mathbb R, x \mapsto f(x)
Entity \in Set;\mathbf x \in \Omega;Set;x \in \{x\};x \in \{x, y\};y \in \{x, y\};M \in \mathbb R^{m\times n};\epsilon \in \mathbb R_0^+;\delta \in \mathbb R_0^+;x \in B_0(p, \delta);x \in P(A) \Leftrightarrow x\subset A
\{x, y\};Set;x \in \{x, y\};y \in \{x, y\};\{x\}\subset\{x, y\};|\{x, y\}| = 2
\{x\};Set;x \in \{x\};\{0\};y \in \{x\} \Leftrightarrow y = x;\forall a \in dom~G, \exists b \in im~G~|~\{b\} = G(\{a\}) ;\{x\}\subset\{x, y\};|\{x\}| = 1;|A \cup \{x\}| = 1 + |A \backslash \{x\}|
x \in \{x\};\{x\};Entity \in Set
x \in \{x, y\};\{x, y\};Entity \in Set
y \in \{x, y\};\{x, y\};Entity \in Set
x \cup y = \{u~|~u \in x \vee u \in y\};Set;[a,b) = {a} \cup (a,b);(a,b] = (a,b) \cup {b};\textit{Abelian monoid};x \cup \emptyset = x;|A \cup \{x\}| = 1 + |A \backslash \{x\}|;|x \cup y| + |x \cap y| = |x| + |y|
x \cap y = \{u~|~u \in x \wedge u \in y\};Set;G|_C = G \cap (C \times B);|x \cap y| \leq \min(|x|,|y|);\cap : P(A) \times P(A) \rightarrow P(A), (x, y) \mapsto x \cap y;x \cap \emptyset = \emptyset;|x \cup y| + |x \cap y| = |x| + |y|
\mathbb N_0 = \mathbb N \setminus \{0\};\mathbb N = \{0, 1, 2, \dots\};\{0\};x \setminus y = \{u \in x : u \notin y\};A^{n+1} = A^n\times A = A \times A^n, n \in \mathbb N_0;\mathbb R^d, d\in \mathbb N_0;I = I_n = \{1, \dots, n\} \subset \mathbb N_0
\{0\};\mathbb N_0 = \mathbb N \setminus \{0\};\{x\};0;\mathbb R_0^+ = \mathbb R^+ \backslash \{0\};\mathbb R_0 = \mathbb R \backslash \{0\}
x \setminus y = \{u \in x : u \notin y\};Set;\mathbb N_0 = \mathbb N \setminus \{0\};\mathbb R_0^+ = \mathbb R^+ \backslash \{0\};|A \cup \{x\}| = 1 + |A \backslash \{x\}|
y \in \{x\} \Leftrightarrow y = x;\{x\}
\textit{Totally ordered set};\mathbb N = \{0, 1, 2, \dots\};\mathbb R;\mathbb Z = \{\dots, -1, 0, 1, \dots\};\mathbb Q;\textit{Partially ordered set};\textit{Total order}
Existential~quantifier;\exists;Quantifiers
\exists;Existential~quantifier;dom~G =  \{a\in A~|~(\exists b\in B : (a, b) \in G)\};\forall a \in dom~G, \exists b \in im~G~|~\{b\} = G(\{a\}) ;\forall z \in \mathbb Z,\exists n \in \mathbb N ~|~ z = n \vee z = -n;\forall q \in \mathbb Q,\exists z_1, z_2 \in \mathbb Z ~|~ qz_2 = z_1;\forall T \subset S, \exists g \in T~|~ \forall s \in T, s \leq g;\forall \epsilon \in \mathbb R_0^+, \exists \delta \in \mathbb R_0^+~|~x \in B_0(p, \delta) \Rightarrow f(x) \in B(L, \epsilon)
Universal~quantifier;\forall;Quantifiers
\forall;Universal~quantifier;x \subset y \Leftrightarrow (\forall u \in x \Rightarrow u \in y);\forall a \in dom~G, \exists b \in im~G~|~\{b\} = G(\{a\}) ;\forall z \in \mathbb Z,\exists n \in \mathbb N ~|~ z = n \vee z = -n;\forall q \in \mathbb Q,\exists z_1, z_2 \in \mathbb Z ~|~ qz_2 = z_1;\forall a, a' \in dom~G,~G(a) = G(a') \Rightarrow a = a';\forall T \subset S, \exists g \in T~|~ \forall s \in T, s \leq g;\forall x, 0 + x = x + x + 0;\forall \epsilon \in \mathbb R_0^+, \exists \delta \in \mathbb R_0^+~|~x \in B_0(p, \delta) \Rightarrow f(x) \in B(L, \epsilon);\forall x, 1\cdot x = x = x\cdot 1;\forall\mathbf v\in V, 1\cdot\mathbf v=\mathbf v
Quantifiers;Universal~quantifier;Existential~quantifier
A \times B = \{(a,b)~|~a\in A \wedge b \in B\};Set;G \subset A \times B;(a,b) \neq (b, a);A^{n+1} = A^n\times A = A \times A^n, n \in \mathbb N_0;|A \times B| = |A||B|
G \subset A \times B;A \times B = \{(a,b)~|~a\in A \wedge b \in B\};x \subset y \Leftrightarrow (\forall u \in x \Rightarrow u \in y);dom~G =  \{a\in A~|~(\exists b\in B : (a, b) \in G)\};G^{-1} = \{(b ,a) \in B \times A~|~(a, b)\in G\};G|_C = G \cap (C \times B);B_1 = A_2 \Rightarrow G_2 \circ G_1 = \{(a_1, b_2) \in A_1 \times B_2~|~(\exists b_1 \in B_1~|~(a_1,b_1)\in G_1 \wedge (b_1, b_2)\in G_2)\};G~is~a~function \Leftrightarrow ((a,b) \in G \wedge (a, b') \in G \Rightarrow b = b');B \subset A^2
x \subset y \Leftrightarrow (\forall u \in x \Rightarrow u \in y);G \subset A \times B;\forall;\Omega \subset \mathbb R^d;x \subset y \wedge y \subset z \Rightarrow x \subset z;\textit{Partial order};I = I_n = \{1, \dots, n\} \subset \mathbb N_0;B = (\mathbf b_i)_{i\in I} \subset V;\{x\}\subset\{x, y\};x \in P(A) \Leftrightarrow x\subset A
dom~G =  \{a\in A~|~(\exists b\in B : (a, b) \in G)\};G \subset A \times B;im~G = dom~G^{-1};\exists;G(\{a\}) \neq \emptyset \Leftrightarrow a \in dom~G;\forall a \in dom~G, \exists b \in im~G~|~\{b\} = G(\{a\}) ;dom~G = A
G^{-1} = \{(b ,a) \in B \times A~|~(a, b)\in G\};G \subset A \times B;im~G = dom~G^{-1}
im~G = dom~G^{-1};dom~G =  \{a\in A~|~(\exists b\in B : (a, b) \in G)\};G^{-1} = \{(b ,a) \in B \times A~|~(a, b)\in G\};Surjectivity \Leftrightarrow im~G = B;im~(H \circ G) = H(im~G);im~G =\{b~|~b = G(a)\};\Gamma = \{G_k : k\in I\} = im~G
Surjectivity \Leftrightarrow im~G = B;im~G = dom~G^{-1};G^{-1} is~surjective;Surjection
G|_C = G \cap (C \times B);G \subset A \times B;G(C) = im~G|_C;G~is~a~function \Rightarrow G|_{dom~G}~is~an~application;x \cap y = \{u~|~u \in x \wedge u \in y\}
G(C) = im~G|_C;G|_C = G \cap (C \times B);G(\{a\}) \neq \emptyset \Leftrightarrow a \in dom~G;im~(H \circ G) = H(im~G);\forall a \in dom~G, \exists b \in im~G~|~\{b\} = G(\{a\}) 
G(\{a\}) \neq \emptyset \Leftrightarrow a \in dom~G;G(C) = im~G|_C;\emptyset;dom~G =  \{a\in A~|~(\exists b\in B : (a, b) \in G)\}
B_1 = A_2 \Rightarrow G_2 \circ G_1 = \{(a_1, b_2) \in A_1 \times B_2~|~(\exists b_1 \in B_1~|~(a_1,b_1)\in G_1 \wedge (b_1, b_2)\in G_2)\};G \subset A \times B;im~(H \circ G) = H(im~G)
im~(H \circ G) = H(im~G);B_1 = A_2 \Rightarrow G_2 \circ G_1 = \{(a_1, b_2) \in A_1 \times B_2~|~(\exists b_1 \in B_1~|~(a_1,b_1)\in G_1 \wedge (b_1, b_2)\in G_2)\};G(C) = im~G|_C;im~G = dom~G^{-1}
G~is~a~function \Leftrightarrow ((a,b) \in G \wedge (a, b') \in G \Rightarrow b = b');G \subset A \times B;\forall a \in dom~G, \exists b \in im~G~|~\{b\} = G(\{a\}) ;Function;G^{-1}~is~injective
\forall a \in dom~G, \exists b \in im~G~|~\{b\} = G(\{a\}) ;G~is~a~function \Leftrightarrow ((a,b) \in G \wedge (a, b') \in G \Rightarrow b = b');dom~G =  \{a\in A~|~(\exists b\in B : (a, b) \in G)\};\{x\};G(C) = im~G|_C;\forall;\exists;G : A \rightarrow B,~a \mapsto b = G(a) 
G : A \rightarrow B,~a \mapsto b = G(a) ;\forall a \in dom~G, \exists b \in im~G~|~\{b\} = G(\{a\}) ;im~G =\{b~|~b = G(a)\};Function;* : A \times A \rightarrow A, (a_1, a_2) \mapsto a_1 * a_2;d : M^2 \rightarrow \mathbb R, (x,y) \mapsto d(x,y);f : M \subset A \rightarrow N \subset B,~x \mapsto f(x) 
Function;G~is~a~function \Leftrightarrow ((a,b) \in G \wedge (a, b') \in G \Rightarrow b = b');Injection;Application;G~is~a~function \Rightarrow G|_{dom~G}~is~an~application;Surjection;G : A \rightarrow B,~a \mapsto b = G(a) 
G^{-1}~is~injective;G~is~a~function \Leftrightarrow ((a,b) \in G \wedge (a, b') \in G \Rightarrow b = b');G~is~injective \Leftrightarrow G^{-1}~is~the~reciprocal~function
G~is~injective \Leftrightarrow G^{-1}~is~the~reciprocal~function;G^{-1}~is~injective;Injection
Injection;Function;G~is~injective \Leftrightarrow G^{-1}~is~the~reciprocal~function;\forall a, a' \in dom~G,~G(a) = G(a') \Rightarrow a = a';Bijection
\forall a, a' \in dom~G,~G(a) = G(a') \Rightarrow a = a';Injection;\forall
Application;Function;dom~G = A;G^{-1} is~surjective;G~is~a~function \Rightarrow G|_{dom~G}~is~an~application;Bijection;+ : \mathbb R^2 \rightarrow \mathbb R, (x, y) \mapsto x + y;\cdot : \mathbb R^2 \rightarrow \mathbb R, (x, y) \mapsto x\cdot y = xy;p_i : \mathbb R^n \rightarrow \mathbb  R, \mathbf x \mapsto x_i;G : I \rightarrow B~|~k \mapsto G_k = G(k)
dom~G = A;Application;dom~G =  \{a\in A~|~(\exists b\in B : (a, b) \in G)\}
G^{-1} is~surjective;Application;Surjectivity \Leftrightarrow im~G = B
G~is~a~function \Rightarrow G|_{dom~G}~is~an~application;Application;Function;G|_C = G \cap (C \times B)
Surjection;Function;Surjectivity \Leftrightarrow im~G = B;Bijection;(G_k)_{k\in I}~is~an~indexed~family
Bijection;Surjection;Injection;Application
(G_k)_{k\in\mathbb N}~is~a~suite;G : \mathbb N \rightarrow B~|~k \mapsto G_k
G : \mathbb N \rightarrow B~|~k \mapsto G_k;(G_k)_{k\in\mathbb N}~is~a~suite;\mathbb N = \{0, 1, 2, \dots\};G : I \rightarrow B~|~k \mapsto G_k = G(k)
\mathbb Z = \{\dots, -1, 0, 1, \dots\};\textit{Totally ordered set};\forall z \in \mathbb Z,\exists n \in \mathbb N ~|~ z = n \vee z = -n;\forall q \in \mathbb Q,\exists z_1, z_2 \in \mathbb Z ~|~ qz_2 = z_1;-1
\forall z \in \mathbb Z,\exists n \in \mathbb N ~|~ z = n \vee z = -n;\mathbb Z = \{\dots, -1, 0, 1, \dots\};\mathbb N = \{0, 1, 2, \dots\};\forall;\exists
\mathbb Q;\textit{Totally ordered set};\forall q \in \mathbb Q,\exists z_1, z_2 \in \mathbb Z ~|~ qz_2 = z_1;\mathbb Q \subset \mathbb R
\forall q \in \mathbb Q,\exists z_1, z_2 \in \mathbb Z ~|~ qz_2 = z_1;\mathbb Q;\mathbb Z = \{\dots, -1, 0, 1, \dots\};\exists;\forall;\cdot : \mathbb R^2 \rightarrow \mathbb R, (x, y) \mapsto x\cdot y = xy
\mathbb Q \subset \mathbb R;\mathbb Q;\mathbb R
A^2 = A \times A;\mathbb R^2;2 = 1 + 1;* : A \times A \rightarrow A, (a_1, a_2) \mapsto a_1 * a_2;B \subset A^2;(x,y) \in M^2;A^{n+1} = A^n\times A = A \times A^n, n \in \mathbb N_0
\mathbb R^2;A^2 = A \times A;\mathbb C = \{z = a + b\imath ~|~ a,b \in \mathbb R\};\mathbb R^d, d\in \mathbb N_0;+ : \mathbb R^2 \rightarrow \mathbb R, (x, y) \mapsto x + y;\cdot : \mathbb R^2 \rightarrow \mathbb R, (x, y) \mapsto x\cdot y = xy;\mathbf x = (x_i)_{i = 1,2} \in  \mathbb R^2;\mathbb R^{2\times 1}
\mathbb C = \{z = a + b\imath ~|~ a,b \in \mathbb R\};\mathbb R^2;\imath^2 = -1;e^{\imath x} = \cos x + \imath \sin x;a = Re\{z\} = |z|\cos \phi;b = Im\{z\} = |z| \sin \phi;\bar z = a - b\imath
\imath^2 = -1;\mathbb C = \{z = a + b\imath ~|~ a,b \in \mathbb R\};-1
\mathbb R^d, d\in \mathbb N_0;\Omega \subset \mathbb R^d;\mathbb R^2;p_i : \mathbb R^n \rightarrow \mathbb  R, \mathbf x \mapsto x_i;\mathbb R;\mathbb N_0 = \mathbb N \setminus \{0\}
\cdot : \mathbb R^2 \rightarrow \mathbb R, (x, y) \mapsto x\cdot y = xy;\mathbb R^2;\mathbb R;Application;\forall q \in \mathbb Q,\exists z_1, z_2 \in \mathbb Z ~|~ qz_2 = z_1;\forall x, 1\cdot x = x = x\cdot 1;x^n = x^{n - 1} \cdot x = x \cdot x^{n - 1};\forall x, x + x = 2x;z = \frac xy \Rightarrow x = yz;(\mathbb R_0, \cdot)
\forall x, 0 + x = x + x + 0;0;+ : \mathbb R^2 \rightarrow \mathbb R, (x, y) \mapsto x + y;\forall
\forall x, 1\cdot x = x = x\cdot 1;1;\cdot : \mathbb R^2 \rightarrow \mathbb R, (x, y) \mapsto x\cdot y = xy;\forall
Saddle~Point~problems;Incompressible~Navier-Stokes
e^{\imath x} = \cos x + \imath \sin x;\mathbb C = \{z = a + b\imath ~|~ a,b \in \mathbb R\};\sin(x);\cos(x);k \in \mathbb N \Rightarrow e^{\imath k\pi} = (-1)^{k};z = |z|e^{\imath \phi};|e^{\imath x}| = 1;e^x
e^{\imath \pi} = -1;-1;k \in \mathbb N \Rightarrow e^{\imath k\pi} = (-1)^{k}
-1;\mathbb Z = \{\dots, -1, 0, 1, \dots\};e^{\imath \pi} = -1;\imath^2 = -1;-1 + 3 = 2
-1 + 3 = 2;x + 3;-1;2 = 1 + 1
\pi = 3.141592653589793...;k \in \mathbb N \Rightarrow \cos (k\pi) = (-1)^{k};k \in \mathbb N \Rightarrow \sin (k\pi)=0;\sin(x) = \cos(\frac\pi 2 - x)
k \in \mathbb N \Rightarrow \cos (k\pi) = (-1)^{k};\cos(x);\pi = 3.141592653589793...;k \in \mathbb N \Rightarrow e^{\imath k\pi} = (-1)^{k}
k \in \mathbb N \Rightarrow e^{\imath k\pi} = (-1)^{k};k \in \mathbb N \Rightarrow \cos (k\pi) = (-1)^{k};e^{\imath \pi} = -1;e^{\imath x} = \cos x + \imath \sin x;k \in \mathbb N \Rightarrow \sin (k\pi)=0
k \in \mathbb N \Rightarrow \sin (k\pi)=0;\sin(x);k \in \mathbb N \Rightarrow e^{\imath k\pi} = (-1)^{k};\pi = 3.141592653589793...
\sin(x) = \cos(\frac\pi 2 - x);\sin(x);\cos(x);\pi = 3.141592653589793...
\mathbf x = (x_i)_{i = 1,2} \in  \mathbb R^2;\mathbb R^2
\mathbb R^{2\times 1};\mathbb R^2;\mathbb R^{m\times n}
\mathbb R^{m\times n};\mathbb R^{2\times 1};M \in \mathbb R^{m\times n};\mathbb R^{n\times n}
M \in \mathbb R^{m\times n};\mathbb R^{m\times n};\det(M);Entity \in Set;M = (M_{ij})_{i,j = 1,2} \in \mathbb R^{2\times 2}
\det(M);M \in \mathbb R^{m\times n};\det(M) = M_{11}M_{22} - M_{12}M_{21};\mathcal{SO}(3, \mathbb R) = \{R \in \mathbb R^{3\times 3}~|~\det(R) = 1\}
\mathbb R^{2\times 2};M = (M_{ij})_{i,j = 1,2} \in \mathbb R^{2\times 2};\mathbb R^{n\times n};2 = 1 + 1
M = (M_{ij})_{i,j = 1,2} \in \mathbb R^{2\times 2};\mathbb R^{2\times 2};M \in \mathbb R^{m\times n};\det(M) = M_{11}M_{22} - M_{12}M_{21}
\det(M) = M_{11}M_{22} - M_{12}M_{21};M = (M_{ij})_{i,j = 1,2} \in \mathbb R^{2\times 2};\det(M)
\mathbb R^{n\times n};\mathbb R^{m\times n};\mathbb R^{2\times 2};\mathbb R^{3\times 3}
\mathbb R^{3\times 3};\mathbb R^{n\times n};3;\mathcal{SO}(3, \mathbb R) = \{R \in \mathbb R^{3\times 3}~|~\det(R) = 1\}
\mathcal{SO}(3, \mathbb R) = \{R \in \mathbb R^{3\times 3}~|~\det(R) = 1\};\mathbb R^{3\times 3};\det(M);Manifold;1
Manifold;\mathcal{SO}(3, \mathbb R) = \{R \in \mathbb R^{3\times 3}~|~\det(R) = 1\}
x \subset y \wedge y \subset z \Rightarrow x \subset z;x \subset y \Leftrightarrow (\forall u \in x \Rightarrow u \in y);a \leq b \wedge b \leq c \Rightarrow a \leq c
z = |z|e^{\imath \phi};|z|^2 = z\bar z = a^2 + b^2;a = Re\{z\} = |z|\cos \phi;b = Im\{z\} = |z| \sin \phi;e^{\imath x} = \cos x + \imath \sin x
a = Re\{z\} = |z|\cos \phi;\mathbb C = \{z = a + b\imath ~|~ a,b \in \mathbb R\};\phi = atan2(b, a);z = |z|e^{\imath \phi}
b = Im\{z\} = |z| \sin \phi;\mathbb C = \{z = a + b\imath ~|~ a,b \in \mathbb R\};\phi = atan2(b, a);z = |z|e^{\imath \phi}
\bar z = a - b\imath;\mathbb C = \{z = a + b\imath ~|~ a,b \in \mathbb R\};|z|^2 = z\bar z = a^2 + b^2
|z|^2 = z\bar z = a^2 + b^2;\bar z = a - b\imath;z = |z|e^{\imath \phi};|e^{\imath x}| = 1;x^2 = M(x, x)
\phi = atan2(b, a);b = Im\{z\} = |z| \sin \phi;a = Re\{z\} = |z|\cos \phi;\tan \phi = \frac{\sin\phi}{\cos\phi}
\tan \phi = \frac{\sin\phi}{\cos\phi};\phi = atan2(b, a);\cos(x);\sin(x)
x^2 = M(x, x);x^n = x^{n - 1} \cdot x = x \cdot x^{n - 1};2 = 1 + 1;\left(f(x)\right)^2;x = \sqrt{y} \Rightarrow y = x^2 ;|z|^2 = z\bar z = a^2 + b^2;(a - b)(a + b) = a^2 - b^2
x^n = x^{n - 1} \cdot x = x \cdot x^{n - 1};\cdot : \mathbb R^2 \rightarrow \mathbb R, (x, y) \mapsto x\cdot y = xy;x^2 = M(x, x);P(x) = \sum_{i = 0}^N a_i x^i;f : A \subset \mathbb R \rightarrow B \subset \mathbb R, x \mapsto f(x)
P(x) = \sum_{i = 0}^N a_i x^i;x^n = x^{n - 1} \cdot x = x \cdot x^{n - 1};ax^2 + bx + c ;x^2 + \frac bax
x = \sqrt{y} \Rightarrow y = x^2 ;x^2 = M(x, x);|x| = \sqrt{x^2};(x - x_0)^2 - y_0 = \left((x - x_0) + \sqrt{y_0}\right)\left((x - x_0) -  \sqrt{y_0}\right);\sqrt{1 - \cos^2(x)}
|x| = \sqrt{x^2};x = \sqrt{y} \Rightarrow y = x^2 ;|\sin(x)| = \sqrt{1 - \cos^2(x)};d : \mathbb R^2 \rightarrow \mathbb R, (x,y) \mapsto |x-y|
p_i : \mathbb R^n \rightarrow \mathbb  R, \mathbf x \mapsto x_i;\mathbb R^d, d\in \mathbb N_0;p_i(\mathbf e^j) = \delta_{ij};Application;p_i(\mathbf x + \mathbf y) = p_i(\mathbf x) + p_i(\mathbf y)
p_i(\mathbf e^j) = \delta_{ij};p_i : \mathbb R^n \rightarrow \mathbb  R, \mathbf x \mapsto x_i;\delta_{ij} = (i == j~?~1 : 0);\mathbf u(\mathbf x) = u_i(\mathbf x) \mathbf e_i
p_i(\mathbf x + \mathbf y) = p_i(\mathbf x) + p_i(\mathbf y);p_i : \mathbb R^n \rightarrow \mathbb  R, \mathbf x \mapsto x_i;+ : \mathbb R^2 \rightarrow \mathbb R, (x, y) \mapsto x + y
\mathbb N \rightarrow \mathbb N, n \mapsto n!=n(n-1)! \\ \text{with } 0!=1;\mathbb N = \{0, 1, 2, \dots\}
Group;Abelian~group;\forall a \in A, \exists \bar a \in A~|~ \bar a*a = e;Monoid
* : A \times A \rightarrow A, (a_1, a_2) \mapsto a_1 * a_2;A^2 = A \times A;(a_1 * a_2)*a_3 = a_1*(a_2*a_3);G : A \rightarrow B,~a \mapsto b = G(a) ;a_1 * a_2 = a_2 * a_1;\exists e \in A~|~\forall a \in A, e*a = a;\forall a,b \in A, \exists!x,y\in A~|~a*x = b \wedge y*a = b;(A, *)
(a_1 * a_2)*a_3 = a_1*(a_2*a_3);* : A \times A \rightarrow A, (a_1, a_2) \mapsto a_1 * a_2;Semigroup
\exists e \in A~|~\forall a \in A, e*a = a;\forall a \in A, \exists \bar a \in A~|~ \bar a*a = e;* : A \times A \rightarrow A, (a_1, a_2) \mapsto a_1 * a_2;Monoid;Loop
\forall a \in A, \exists \bar a \in A~|~ \bar a*a = e;Group;\exists e \in A~|~\forall a \in A, e*a = a
Abelian~group;Group;\textit{Abelian monoid};Field;(\mathbb R_0, \cdot);(V, +)
a_1 * a_2 = a_2 * a_1;* : A \times A \rightarrow A, (a_1, a_2) \mapsto a_1 * a_2;\textit{Abelian magma}
Semigroup;Abelian~semigroup;(a_1 * a_2)*a_3 = a_1*(a_2*a_3);Magma;Monoid
Abelian~semigroup;Semigroup;\textit{Abelian magma};\textit{Abelian monoid}
(a,b) = \{x \in \mathbb R~|~a < x < b\};\mathbb R;(a,b] = (a,b) \cup {b};[a,b) = {a} \cup (a,b);x < y \Leftrightarrow x \leq y \wedge x \neq 0;(0,a) = \{x \in \mathbb R_0^+~|~ x < a\}
|e^{\imath x}| = 1;e^{\imath x} = \cos x + \imath \sin x;|z|^2 = z\bar z = a^2 + b^2;\cos^2(x) + \sin^2(x) = 1
ax^2 + bx + c ;P(x) = \sum_{i = 0}^N a_i x^i;a\left(x^2 + \frac bax + \frac ca\right)
f(x) = 0;f : A \subset \mathbb R \rightarrow B \subset \mathbb R, x \mapsto f(x);0
a\left(x^2 + \frac bax + \frac ca\right);ax^2 + bx + c ;x^2 + \frac bax;a\left( (x + \frac b{2a})^2 - \frac{b^2 - 4ac}{4a^2}\right)
x^2 + \frac bax;a\left(x^2 + \frac bax + \frac ca\right);x^2 + \frac bax = (x + \frac b{2a})^2 - \frac{b^2}{4a^2};P(x) = \sum_{i = 0}^N a_i x^i
x^2 + \frac bax = (x + \frac b{2a})^2 - \frac{b^2}{4a^2};x^2 + \frac bax;a\left( (x + \frac b{2a})^2 - \frac{b^2 - 4ac}{4a^2}\right)
a\left( (x + \frac b{2a})^2 - \frac{b^2 - 4ac}{4a^2}\right);x^2 + \frac bax = (x + \frac b{2a})^2 - \frac{b^2}{4a^2};a\left(x^2 + \frac bax + \frac ca\right);(x - x_0)^2 - y_0 = \left((x - x_0) + \sqrt{y_0}\right)\left((x - x_0) -  \sqrt{y_0}\right);a\left( (x + \frac b{2a})^2 - \frac{b^2 - 4ac}{4a^2}\right) = a(x - x_+)(x - x_-)
(x - x_0)^2 - y_0 = \left((x - x_0) + \sqrt{y_0}\right)\left((x - x_0) -  \sqrt{y_0}\right);a\left( (x + \frac b{2a})^2 - \frac{b^2 - 4ac}{4a^2}\right);(a - b)(a + b) = a^2 - b^2;x_-^+ = \frac{- b \pm \sqrt{b^2 - 4ac}}{2a};x = \sqrt{y} \Rightarrow y = x^2 
(a - b)(a + b) = a^2 - b^2;(x - x_0)^2 - y_0 = \left((x - x_0) + \sqrt{y_0}\right)\left((x - x_0) -  \sqrt{y_0}\right);x^2 = M(x, x);-;+ : \mathbb R^2 \rightarrow \mathbb R, (x, y) \mapsto x + y
a\left( (x + \frac b{2a})^2 - \frac{b^2 - 4ac}{4a^2}\right) = a(x - x_+)(x - x_-);a\left( (x + \frac b{2a})^2 - \frac{b^2 - 4ac}{4a^2}\right);x_-^+ = \frac{- b \pm \sqrt{b^2 - 4ac}}{2a}
x_-^+ = \frac{- b \pm \sqrt{b^2 - 4ac}}{2a};a\left( (x + \frac b{2a})^2 - \frac{b^2 - 4ac}{4a^2}\right) = a(x - x_+)(x - x_-);(x - x_0)^2 - y_0 = \left((x - x_0) + \sqrt{y_0}\right)\left((x - x_0) -  \sqrt{y_0}\right)
(a,b] = (a,b) \cup {b};(a,b) = \{x \in \mathbb R~|~a < x < b\};[a,b] = {a} \cup (a,b];x \cup y = \{u~|~u \in x \vee u \in y\}
[a,b) = {a} \cup (a,b);(a,b) = \{x \in \mathbb R~|~a < x < b\};x \cup y = \{u~|~u \in x \vee u \in y\}
[a,b] = {a} \cup (a,b];(a,b] = (a,b) \cup {b};f : [a, b] \rightarrow \mathbb R,~x \mapsto f(x) 
\forall T \subset S, \exists g \in T~|~ \forall s \in T, s \leq g;\forall;\exists;\textit{Partially ordered set}
\textit{Partially ordered set};\textit{Totally ordered set};Set;\forall T \subset S, \exists g \in T~|~ \forall s \in T, s \leq g;\textit{Partial order}
\textit{Preorder};a \leq b \wedge b \leq c \Rightarrow a \leq c;(a, b) \in B \Leftrightarrow a \leq b;\textit{Partial order};a \leq a
a \leq a;\textit{Preorder};Reflexivity
a \leq b \wedge b \leq a \Rightarrow a = b;\textit{Partial order}
a \leq b \wedge b \leq c \Rightarrow a \leq c;\textit{Preorder};x \subset y \wedge y \subset z \Rightarrow x \subset z
B \subset A^2;Set;G \subset A \times B;A^2 = A \times A;(a, b) \in B \Leftrightarrow a \leq b;(a, b) \in A^2 \Rightarrow (a, b) \in B \vee (b,a) \in B
(a, b) \in B \Leftrightarrow a \leq b;\textit{Preorder};B \subset A^2;(x, y) \in \mathbb R^2 \Rightarrow x \leq y \vee y \leq x
\textit{Partial order};\textit{Preorder};\textit{Partially ordered set};x \subset y \Leftrightarrow (\forall u \in x \Rightarrow u \in y);a \leq b \wedge b \leq a \Rightarrow a = b;\textit{Total order}
\textit{Total order};\textit{Partial order};(a, b) \in A^2 \Rightarrow (a, b) \in B \vee (b,a) \in B;\textit{Totally ordered set}
(a, b) \in A^2 \Rightarrow (a, b) \in B \vee (b,a) \in B;\textit{Total order};Totality;B \subset A^2;(x, y) \in \mathbb R^2 \Rightarrow x \leq y \vee y \leq x
Totality;(a, b) \in A^2 \Rightarrow (a, b) \in B \vee (b,a) \in B;Totality \Rightarrow Reflexivity
Reflexivity;a \leq a;Totality \Rightarrow Reflexivity
Totality \Rightarrow Reflexivity;Totality;Reflexivity
Magma;Semigroup;Set;\textit{Abelian magma};Quasigroup;(A, *)
Monoid;Group;\exists e \in A~|~\forall a \in A, e*a = a;Semigroup;\textit{Abelian monoid}
\textit{Abelian magma};Magma;a_1 * a_2 = a_2 * a_1;Abelian~semigroup
\textit{Abelian monoid};Monoid;Abelian~semigroup;Abelian~group;\cap : P(A) \times P(A) \rightarrow P(A), (x, y) \mapsto x \cap y;x \cup y = \{u~|~u \in x \vee u \in y\}
\forall a,b \in A, \exists!x,y\in A~|~a*x = b \wedge y*a = b;* : A \times A \rightarrow A, (a_1, a_2) \mapsto a_1 * a_2;Quasigroup
Quasigroup;\forall a,b \in A, \exists!x,y\in A~|~a*x = b \wedge y*a = b;Loop;Magma
Loop;Quasigroup;\exists e \in A~|~\forall a \in A, e*a = a
\forall \epsilon \in \mathbb R_0^+, \exists \delta \in \mathbb R_0^+~|~x \in B_0(p, \delta) \Rightarrow f(x) \in B(L, \epsilon);\forall;\exists;\epsilon \in \mathbb R_0^+;\delta \in \mathbb R_0^+;x \in B_0(p, \delta);f : M \subset A \rightarrow N \subset B,~x \mapsto f(x) ;\forall \epsilon \in \mathbb R_0^+, \exists \delta \in \mathbb R_0^+~|~d_A(x, p) \in (0, \delta) \Rightarrow d_B(f(x), L) \in (0, \epsilon)
\mathbb R^+ = \{ x \in \mathbb R | x \geq 0 \};\mathbb R;\mathbb R_0^+ = \mathbb R^+ \backslash \{0\};0;(x, y) \in \mathbb R^2 \Rightarrow x \leq y \vee y \leq x;(x,y) \in M^2 \Rightarrow d(x,y) \geq 0
\mathbb R_0^+ = \mathbb R^+ \backslash \{0\};\mathbb R^+ = \{ x \in \mathbb R | x \geq 0 \};\{0\};x \setminus y = \{u \in x : u \notin y\};\epsilon \in \mathbb R_0^+;\delta \in \mathbb R_0^+;(0,a) = \{x \in \mathbb R_0^+~|~ x < a\}
(x, y) \in \mathbb R^2 \Rightarrow x \leq y \vee y \leq x;(a, b) \in A^2 \Rightarrow (a, b) \in B \vee (b,a) \in B;(a, b) \in B \Leftrightarrow a \leq b;\mathbb R^+ = \{ x \in \mathbb R | x \geq 0 \};x < y \Leftrightarrow x \leq y \wedge x \neq 0;\min(x_1, x_2)=x_1\in\mathbb R \Leftrightarrow x_1 \leq x_2;(x,y,z) \in M^3 \Rightarrow d(x,z) \leq d(x,y) + d(y,z)
x < y \Leftrightarrow x \leq y \wedge x \neq 0;(x, y) \in \mathbb R^2 \Rightarrow x \leq y \vee y \leq x;(a,b) = \{x \in \mathbb R~|~a < x < b\}
\epsilon \in \mathbb R_0^+;\forall \epsilon \in \mathbb R_0^+, \exists \delta \in \mathbb R_0^+~|~x \in B_0(p, \delta) \Rightarrow f(x) \in B(L, \epsilon);\mathbb R_0^+ = \mathbb R^+ \backslash \{0\};Entity \in Set;\forall \epsilon \in \mathbb R_0^+, \exists \delta \in \mathbb R_0^+~|~d_A(x, p) \in (0, \delta) \Rightarrow d_B(f(x), L) \in (0, \epsilon)
\delta \in \mathbb R_0^+;\forall \epsilon \in \mathbb R_0^+, \exists \delta \in \mathbb R_0^+~|~x \in B_0(p, \delta) \Rightarrow f(x) \in B(L, \epsilon);\mathbb R_0^+ = \mathbb R^+ \backslash \{0\};Entity \in Set;\forall \epsilon \in \mathbb R_0^+, \exists \delta \in \mathbb R_0^+~|~d_A(x, p) \in (0, \delta) \Rightarrow d_B(f(x), L) \in (0, \epsilon)
x \in B_0(p, \delta);\forall \epsilon \in \mathbb R_0^+, \exists \delta \in \mathbb R_0^+~|~x \in B_0(p, \delta) \Rightarrow f(x) \in B(L, \epsilon);Entity \in Set
M;Set;(M, d)
(M, d);M;Metric~space;d : M^2 \rightarrow \mathbb R, (x,y) \mapsto d(x,y);Ordered~pair;(A, d_A);(B, d_B)
Metric~space;(M, d)
d : M^2 \rightarrow \mathbb R, (x,y) \mapsto d(x,y);(M, d);G : A \rightarrow B,~a \mapsto b = G(a) ;(x,y) \in M^2;(x,y) \in M^2 \Rightarrow d(x,y) \geq 0;d(x,y) = 0 \Leftrightarrow x = y;(x,y) \in M^2 \Rightarrow d(x,y) = d(y, x);Metric;d : \mathbb R^2 \rightarrow \mathbb R, (x,y) \mapsto |x-y|;(x,y,z) \in M^3 \Rightarrow d(x,z) \leq d(x,y) + d(y,z)
(a,b) \neq (b, a);A \times B = \{(a,b)~|~a\in A \wedge b \in B\};Ordered~pair
Ordered~pair;(a,b) \neq (b, a);(M, d)
(x,y) \in M^2 \Rightarrow d(x,y) \geq 0;(x,y) \in M^2;d : M^2 \rightarrow \mathbb R, (x,y) \mapsto d(x,y);\mathbb R^+ = \{ x \in \mathbb R | x \geq 0 \}
(x,y) \in M^2;d : M^2 \rightarrow \mathbb R, (x,y) \mapsto d(x,y);(x,y) \in M^2 \Rightarrow d(x,y) \geq 0;A^2 = A \times A;(x,y) \in M^2 \Rightarrow d(x,y) = d(y, x)
d(x,y) = 0 \Leftrightarrow x = y;d : M^2 \rightarrow \mathbb R, (x,y) \mapsto d(x,y);0
(x,y) \in M^2 \Rightarrow d(x,y) = d(y, x);d : M^2 \rightarrow \mathbb R, (x,y) \mapsto d(x,y);(x,y) \in M^2
Metric;d : M^2 \rightarrow \mathbb R, (x,y) \mapsto d(x,y)
d : \mathbb R^2 \rightarrow \mathbb R, (x,y) \mapsto |x-y|;d : M^2 \rightarrow \mathbb R, (x,y) \mapsto d(x,y);|x| = \sqrt{x^2}
(x,y,z) \in M^3 \Rightarrow d(x,z) \leq d(x,y) + d(y,z);d : M^2 \rightarrow \mathbb R, (x,y) \mapsto d(x,y);A^3;+ : \mathbb R^2 \rightarrow \mathbb R, (x, y) \mapsto x + y;(x, y) \in \mathbb R^2 \Rightarrow x \leq y \vee y \leq x
A^{n+1} = A^n\times A = A \times A^n, n \in \mathbb N_0;A \times B = \{(a,b)~|~a\in A \wedge b \in B\};\mathbb N_0 = \mathbb N \setminus \{0\};A^2 = A \times A;A^3
A^3;A^{n+1} = A^n\times A = A \times A^n, n \in \mathbb N_0;3;(x,y,z) \in M^3 \Rightarrow d(x,z) \leq d(x,y) + d(y,z)
(A, d_A);(M, d);\forall \epsilon \in \mathbb R_0^+, \exists \delta \in \mathbb R_0^+~|~d_A(x, p) \in (0, \delta) \Rightarrow d_B(f(x), L) \in (0, \epsilon)
(B, d_B);(M, d);\forall \epsilon \in \mathbb R_0^+, \exists \delta \in \mathbb R_0^+~|~d_A(x, p) \in (0, \delta) \Rightarrow d_B(f(x), L) \in (0, \epsilon)
f : M \subset A \rightarrow N \subset B,~x \mapsto f(x) ;G : A \rightarrow B,~a \mapsto b = G(a) ;\forall \epsilon \in \mathbb R_0^+, \exists \delta \in \mathbb R_0^+~|~x \in B_0(p, \delta) \Rightarrow f(x) \in B(L, \epsilon);\forall \epsilon \in \mathbb R_0^+, \exists \delta \in \mathbb R_0^+~|~d_A(x, p) \in (0, \delta) \Rightarrow d_B(f(x), L) \in (0, \epsilon);f : A \subset \mathbb R \rightarrow B \subset \mathbb R, x \mapsto f(x)
\forall \epsilon \in \mathbb R_0^+, \exists \delta \in \mathbb R_0^+~|~d_A(x, p) \in (0, \delta) \Rightarrow d_B(f(x), L) \in (0, \epsilon);\forall \epsilon \in \mathbb R_0^+, \exists \delta \in \mathbb R_0^+~|~x \in B_0(p, \delta) \Rightarrow f(x) \in B(L, \epsilon);\delta \in \mathbb R_0^+;\epsilon \in \mathbb R_0^+;f : M \subset A \rightarrow N \subset B,~x \mapsto f(x) ;(A, d_A);(B, d_B);(0,a) = \{x \in \mathbb R_0^+~|~ x < a\};\lim_{x \rightarrow p} f(x) = L
(0,a) = \{x \in \mathbb R_0^+~|~ x < a\};(a,b) = \{x \in \mathbb R~|~a < x < b\};\mathbb R_0^+ = \mathbb R^+ \backslash \{0\};\forall \epsilon \in \mathbb R_0^+, \exists \delta \in \mathbb R_0^+~|~d_A(x, p) \in (0, \delta) \Rightarrow d_B(f(x), L) \in (0, \epsilon)
\lim_{x \rightarrow p} f(x) = L;\forall \epsilon \in \mathbb R_0^+, \exists \delta \in \mathbb R_0^+~|~d_A(x, p) \in (0, \delta) \Rightarrow d_B(f(x), L) \in (0, \epsilon);\lim_{x \rightarrow 0^+}\frac1x = +\infty;f~continuous~at~c \Leftrightarrow \lim_{x \rightarrow c} f(x) = f(c),~c \in [a,b];\frac{df}{dx} = \lim_{h \rightarrow 0} \frac{f(x + h) - f(x)}h;\lim_{x \rightarrow -\infty}e^x=0
\forall x, x + x = 2x;+ : \mathbb R^2 \rightarrow \mathbb R, (x, y) \mapsto x + y;2 = 1 + 1;\cdot : \mathbb R^2 \rightarrow \mathbb R, (x, y) \mapsto x\cdot y = xy;e^x - 2x - 1
\mathbb R \times \mathbb R_0 \rightarrow \mathbb R, (x, y) \mapsto \frac xy;\mathbb R_0 = \mathbb R \backslash \{0\};z = \frac xy \Rightarrow x = yz;\mathbb R_0 \rightarrow \mathbb R_0, x \mapsto \frac1x
\mathbb R_0 = \mathbb R \backslash \{0\};\mathbb R \times \mathbb R_0 \rightarrow \mathbb R, (x, y) \mapsto \frac xy;\mathbb R;\{0\};(\mathbb R_0, \cdot)
z = \frac xy \Rightarrow x = yz;\mathbb R \times \mathbb R_0 \rightarrow \mathbb R, (x, y) \mapsto \frac xy;\cdot : \mathbb R^2 \rightarrow \mathbb R, (x, y) \mapsto x\cdot y = xy
\mathbb R_0 \rightarrow \mathbb R_0, x \mapsto \frac1x;\mathbb R \times \mathbb R_0 \rightarrow \mathbb R, (x, y) \mapsto \frac xy;\lim_{x \rightarrow 0^+}\frac1x = +\infty;1
\lim_{x \rightarrow 0^+}\frac1x = +\infty;\mathbb R_0 \rightarrow \mathbb R_0, x \mapsto \frac1x;\infty;0;\lim_{x \rightarrow p} f(x) = L
\infty;\lim_{x \rightarrow 0^+}\frac1x = +\infty;\lim_{x \rightarrow -\infty}e^x=0
f : [a, b] \rightarrow \mathbb R,~x \mapsto f(x) ;f~continuous~at~c \Leftrightarrow \lim_{x \rightarrow c} f(x) = f(c),~c \in [a,b];f : A \subset \mathbb R \rightarrow B \subset \mathbb R, x \mapsto f(x);\mathcal U^h = \left\{u^h : [a, b] \rightarrow \mathbb R, x \mapsto u^h(x) = \sum_{i = 1}^n a_i \phi_i(x)\right\};[a,b] = {a} \cup (a,b]
f~continuous~at~c \Leftrightarrow \lim_{x \rightarrow c} f(x) = f(c),~c \in [a,b];f : [a, b] \rightarrow \mathbb R,~x \mapsto f(x) ;\lim_{x \rightarrow p} f(x) = L
2 + 3 = 5;2 = 1 + 1;x + 3;5
5;2 + 3 = 5;5 + 3 = 8;5 + 8 = 13
5 + 3 = 8;x + 3;5;8
8;5 + 3 = 8;5 + 8 = 13
5 + 8 = 13;5;8;+ : \mathbb R^2 \rightarrow \mathbb R, (x, y) \mapsto x + y
e^x - 2x - 1;f : A \subset \mathbb R \rightarrow B \subset \mathbb R, x \mapsto f(x);-;\forall x, x + x = 2x;1;e^x
\frac{df}{dx} = \lim_{h \rightarrow 0} \frac{f(x + h) - f(x)}h;\lim_{x \rightarrow p} f(x) = L;\frac{de^x}{dx} = e^x
\frac{de^x}{dx} = e^x;\frac{df}{dx} = \lim_{h \rightarrow 0} \frac{f(x + h) - f(x)}h;e^x
e^x;\frac{de^x}{dx} = e^x;f : A \subset \mathbb R \rightarrow B \subset \mathbb R, x \mapsto f(x);e^x - 2x - 1;e^0 = 1;\lim_{x \rightarrow -\infty}e^x=0;e^{\imath x} = \cos x + \imath \sin x
e^0 = 1;e^x;1;0
\lim_{x \rightarrow -\infty}e^x=0;e^x;0;\lim_{x \rightarrow p} f(x) = L;\infty
Field;Abelian~group;(A, +, *);Vector~space;(V, +, \cdot)~over~(A, +, *)
(\mathbb R, +);+ : \mathbb R^2 \rightarrow \mathbb R, (x, y) \mapsto x + y;(\mathbb R, +, \cdot);(V, +)
(\mathbb R, +, \cdot);(\mathbb R, +);(\mathbb R_0, \cdot);(A, +, *)
(\mathbb R_0, \cdot);\cdot : \mathbb R^2 \rightarrow \mathbb R, (x, y) \mapsto x\cdot y = xy;(\mathbb R, +, \cdot);\mathbb R_0 = \mathbb R \backslash \{0\};Abelian~group
(A, +, *);(\mathbb R, +, \cdot);Field;(A, *);a*(b+c) = (a*b) + (a*c);(V, +, \cdot)~over~(A, +, *)
(A, *);Magma;* : A \times A \rightarrow A, (a_1, a_2) \mapsto a_1 * a_2;(A, +, *);(V, +)
a*(b+c) = (a*b) + (a*c);(A, +, *)
Vector~space;Field;\mathcal U^h = \left\{u^h : [a, b] \rightarrow \mathbb R, x \mapsto u^h(x) = \sum_{i = 1}^n a_i \phi_i(x)\right\};(V, +, \cdot)~over~(A, +, *)
(V, +, \cdot)~over~(A, +, *);Field;(A, +, *);(V, +);a*(b\cdot\mathbf v) = (a*b)\cdot\mathbf v = ab\mathbf v;\cdot : A \times V \rightarrow V, (a,\mathbf v) \mapsto a\cdot\mathbf v = a\mathbf v;a\cdot(\mathbf v+\mathbf w) = a\cdot\mathbf v+a\cdot\mathbf w;(a + b)\cdot\mathbf v = a\cdot\mathbf v+b\cdot\mathbf w;B~is~a~basis~of~V;Vector~space
(V, +);(V, +, \cdot)~over~(A, +, *);Abelian~group;(\mathbb R, +);(A, *)
a*(b\cdot\mathbf v) = (a*b)\cdot\mathbf v = ab\mathbf v;(V, +, \cdot)~over~(A, +, *)
\cdot : A \times V \rightarrow V, (a,\mathbf v) \mapsto a\cdot\mathbf v = a\mathbf v;(V, +, \cdot)~over~(A, +, *);\forall\mathbf v\in V, 1\cdot\mathbf v=\mathbf v
\forall\mathbf v\in V, 1\cdot\mathbf v=\mathbf v;\cdot : A \times V \rightarrow V, (a,\mathbf v) \mapsto a\cdot\mathbf v = a\mathbf v;\forall;1
a\cdot(\mathbf v+\mathbf w) = a\cdot\mathbf v+a\cdot\mathbf w;(V, +, \cdot)~over~(A, +, *)
(a + b)\cdot\mathbf v = a\cdot\mathbf v+b\cdot\mathbf w;(V, +, \cdot)~over~(A, +, *)
\mathcal U^h = \left\{u^h : [a, b] \rightarrow \mathbb R, x \mapsto u^h(x) = \sum_{i = 1}^n a_i \phi_i(x)\right\};Vector~space;f : [a, b] \rightarrow \mathbb R,~x \mapsto f(x) ;(\phi_i)_{i\in I_n}~is~a~basis~of~\mathcal U^h
B~is~a~basis~of~V;(V, +, \cdot)~over~(A, +, *);B = (\mathbf b_i)_{i\in I} \subset V;\forall \mathbf a \in F^n, \sum_{i=1}^n a_i\mathbf b_i = 0 \Rightarrow a_i=0~\forall i;\forall\mathbf v\in V, \exists\mathbf a\in F^n |\mathbf v = \sum_{i =1}^n a_i\mathbf b_i;I = I_n = \{1, \dots, n\} \subset \mathbb N_0;(\phi_i)_{i\in I_n}~is~a~basis~of~\mathcal U^h
G : I \rightarrow B~|~k \mapsto G_k = G(k);G : \mathbb N \rightarrow B~|~k \mapsto G_k;Application;(G_k)_{k\in I}~is~an~indexed~family;\mathbf b : I\rightarrow V, i\mapsto\mathbf b_i
(G_k)_{k\in I}~is~an~indexed~family;G : I \rightarrow B~|~k \mapsto G_k = G(k);Surjection;\Gamma = \{G_k : k\in I\} = im~G;B = (\mathbf b_i)_{i\in I} \subset V
\Gamma = \{G_k : k\in I\} = im~G;(G_k)_{k\in I}~is~an~indexed~family;Set;im~G = dom~G^{-1}
B = (\mathbf b_i)_{i\in I} \subset V;B~is~a~basis~of~V;(G_k)_{k\in I}~is~an~indexed~family;\mathbf b : I\rightarrow V, i\mapsto\mathbf b_i;x \subset y \Leftrightarrow (\forall u \in x \Rightarrow u \in y)
\mathbf b : I\rightarrow V, i\mapsto\mathbf b_i;B = (\mathbf b_i)_{i\in I} \subset V;G : I \rightarrow B~|~k \mapsto G_k = G(k)
\forall \mathbf a \in F^n, \sum_{i=1}^n a_i\mathbf b_i = 0 \Rightarrow a_i=0~\forall i;B~is~a~basis~of~V
\forall\mathbf v\in V, \exists\mathbf a\in F^n |\mathbf v = \sum_{i =1}^n a_i\mathbf b_i;B~is~a~basis~of~V;a_i~is~the~i^{th}~coordinate~of~\mathbf v~in~B
I = I_n = \{1, \dots, n\} \subset \mathbb N_0;B~is~a~basis~of~V;\mathbb N_0 = \mathbb N \setminus \{0\};x \subset y \Leftrightarrow (\forall u \in x \Rightarrow u \in y);|I_n| = n
a_i~is~the~i^{th}~coordinate~of~\mathbf v~in~B;\forall\mathbf v\in V, \exists\mathbf a\in F^n |\mathbf v = \sum_{i =1}^n a_i\mathbf b_i
(\phi_i)_{i\in I_n}~is~a~basis~of~\mathcal U^h;\mathcal U^h = \left\{u^h : [a, b] \rightarrow \mathbb R, x \mapsto u^h(x) = \sum_{i = 1}^n a_i \phi_i(x)\right\};B~is~a~basis~of~V
|I_n| = n;I = I_n = \{1, \dots, n\} \subset \mathbb N_0
|A \times B| = |A||B|;A \times B = \{(a,b)~|~a\in A \wedge b \in B\};\# : \mathbb U \rightarrow \mathbb N, A \mapsto \#A = n(A) = |A|
\# : \mathbb U \rightarrow \mathbb N, A \mapsto \#A = n(A) = |A|;|A \times B| = |A||B|; \mathbb U = \{Set, \forall Set\};\mathbb N = \{0, 1, 2, \dots\};|\emptyset| = 0;|\{x\}| = 1;|\{x, y\}| = 2;|x \cap y| \leq \min(|x|,|y|);|A \cup \{x\}| = 1 + |A \backslash \{x\}|;|x \cup y| + |x \cap y| = |x| + |y|
\forall Set, Set \in \mathbb U;Set; \mathbb U = \{Set, \forall Set\}
 \mathbb U = \{Set, \forall Set\};\forall Set, Set \in \mathbb U;\# : \mathbb U \rightarrow \mathbb N, A \mapsto \#A = n(A) = |A|;\forall A \in \mathbb U, \emptyset\subset A
|\emptyset| = 0;\emptyset;\# : \mathbb U \rightarrow \mathbb N, A \mapsto \#A = n(A) = |A|;0
\{x\}\subset\{x, y\};\{x, y\};\{x\};x \subset y \Leftrightarrow (\forall u \in x \Rightarrow u \in y)
\forall A \in \mathbb U, \emptyset\subset A;\emptyset; \mathbb U = \{Set, \forall Set\}
|\{x\}| = 1;\{x\};\# : \mathbb U \rightarrow \mathbb N, A \mapsto \#A = n(A) = |A|;1
|\{x, y\}| = 2;\{x, y\};\# : \mathbb U \rightarrow \mathbb N, A \mapsto \#A = n(A) = |A|;2 = 1 + 1
|x \cap y| \leq \min(|x|,|y|);x \cap y = \{u~|~u \in x \wedge u \in y\};\# : \mathbb U \rightarrow \mathbb N, A \mapsto \#A = n(A) = |A|;\min(x_1, x_2)=x_1\in\mathbb R \Leftrightarrow x_1 \leq x_2
\min(x_1, x_2)=x_1\in\mathbb R \Leftrightarrow x_1 \leq x_2;|x \cap y| \leq \min(|x|,|y|);(x, y) \in \mathbb R^2 \Rightarrow x \leq y \vee y \leq x
\cap : P(A) \times P(A) \rightarrow P(A), (x, y) \mapsto x \cap y;x \cap y = \{u~|~u \in x \wedge u \in y\};x \in P(A) \Leftrightarrow x\subset A;\textit{Abelian monoid};\forall x\in P(A), A\cap x = x
x \in P(A) \Leftrightarrow x\subset A;\cap : P(A) \times P(A) \rightarrow P(A), (x, y) \mapsto x \cap y;Entity \in Set;x \subset y \Leftrightarrow (\forall u \in x \Rightarrow u \in y)
\forall x\in P(A), A\cap x = x;\cap : P(A) \times P(A) \rightarrow P(A), (x, y) \mapsto x \cap y
x \cup \emptyset = x;x \cup y = \{u~|~u \in x \vee u \in y\};\emptyset
x \cap \emptyset = \emptyset;\emptyset;x \cap y = \{u~|~u \in x \wedge u \in y\}
|A \cup \{x\}| = 1 + |A \backslash \{x\}|;x \cup y = \{u~|~u \in x \vee u \in y\};\# : \mathbb U \rightarrow \mathbb N, A \mapsto \#A = n(A) = |A|;\{x\};1;x \setminus y = \{u \in x : u \notin y\};+ : \mathbb R^2 \rightarrow \mathbb R, (x, y) \mapsto x + y
|x \cup y| + |x \cap y| = |x| + |y|;x \cup y = \{u~|~u \in x \vee u \in y\};x \cap y = \{u~|~u \in x \wedge u \in y\};\# : \mathbb U \rightarrow \mathbb N, A \mapsto \#A = n(A) = |A|;+ : \mathbb R^2 \rightarrow \mathbb R, (x, y) \mapsto x + y
